industry,page_type,position,component_type,section_archetype,section_variant,priority,content_direction,template_path
artisan-food,about,1,page_section,HERO,page-header,required,Company name + tagline,
artisan-food,about,2,page_section,ABOUT,editorial-split,required,Founder / origin story,
artisan-food,about,3,page_section,HOW-IT-WORKS,horizontal-timeline,recommended,Heritage timeline,
artisan-food,about,4,page_section,GALLERY,masonry,required,Process / team / facility photography,
artisan-food,about,5,page_section,STATS,counter,recommended,"Years, products, customers served",
artisan-food,about,6,page_section,TEAM,grid,optional,Key team members,
artisan-food,about,7,page_section,TESTIMONIALS,single-featured,optional,Community/partner quote,
artisan-food,about,8,page_section,CTA,centered,required,Shop our products,
artisan-food,blog-index,1,page_section,HERO,page-header,required,Blog title + optional category filter,
artisan-food,blog-index,2,page_section,BLOG-PREVIEW,grid,required,Blog post grid with featured post,
artisan-food,blog-index,3,page_section,NEWSLETTER,inline,optional,Subscribe for updates,
artisan-food,collection,1,page_section,HERO,page-header,required,Collection title + description + optional banner,
artisan-food,collection,2,page_section,PRODUCT-SHOWCASE,filtered-grid,required,Product grid with sort/filter,
artisan-food,collection,3,page_section,ABOUT,inline-blurb,recommended,"Category story (origin, process)",
artisan-food,collection,4,page_section,PRODUCT-SHOWCASE,featured-3,optional,Featured/signature products,
artisan-food,collection,5,page_section,CTA,inline,optional,Back to all collections,
artisan-food,contact,1,page_section,HERO,page-header,required,Contact us + subtitle,
artisan-food,contact,2,page_section,CONTACT,split-form,required,Form + location/map/hours,
artisan-food,contact,3,page_section,FAQ,mini-accordion,optional,Common questions before contacting,
artisan-food,content-page,1,page_section,HERO,page-header,required,Page title + optional subtitle,
artisan-food,content-page,2,page_section,CONTENT,rich-text,required,HTML content body,
artisan-food,content-page,3,page_section,CTA,inline,optional,Related page or action CTA,
artisan-food,homepage,1,page_section,HERO,full-bleed-overlay,required,Heritage/origin story hero with product imagery,
artisan-food,homepage,2,page_section,PRODUCT-SHOWCASE,hover-cards,required,Featured collections (3-4 categories),
artisan-food,homepage,3,page_section,ABOUT,editorial-split,required,"Founder story, craft process, heritage",
artisan-food,homepage,4,page_section,PRODUCT-SHOWCASE,carousel,required,,
artisan-food,homepage,5,page_section,HOW-IT-WORKS,horizontal-timeline,recommended,From source to cup/plate journey,
artisan-food,homepage,6,page_section,LOGO-BAR,scrolling-marquee,recommended,"Press mentions, certifications (organic, fair trade)",
artisan-food,homepage,7,page_section,TESTIMONIALS,single-featured,required,Customer story with product photo,
artisan-food,homepage,8,page_section,CTA,centered,required,,
artisan-food,homepage,9,page_section,GALLERY,masonry,optional,Lifestyle/product photography,
artisan-food,homepage,10,page_section,NEWSLETTER,inline,recommended,Subscribe for recipes/tips + discount,
artisan-food,product-detail,1,page_section,PRODUCT-DETAIL,gallery-sidebar,required,Product images + origin badge overlay,
artisan-food,product-detail,2,page_section,PRODUCT-DETAIL,description-tabs,required,"Description, tasting notes, brewing guide",
artisan-food,product-detail,3,page_section,PRODUCT-DETAIL,subscription-upsell,recommended,Subscribe & save toggle,
artisan-food,product-detail,4,page_section,PRODUCT-SHOWCASE,related-products,required,Same origin / complementary products,
artisan-food,product-detail,5,page_section,TESTIMONIALS,mini-reviews,recommended,3 inline customer reviews,
artisan-food,shared,0,cart_drawer,CART-DRAWER,slide-out,required,Side panel with upsell recommendations,
artisan-food,shared,0,footer,FOOTER,minimal,required,"Logo, links, newsletter, certifications",
artisan-food,shared,0,navigation,NAV,sticky-transparent,required,Minimal with dropdown categories,
automotive,about,1,page_section,HERO,page-header,required,Company name + tagline,
automotive,about,2,page_section,ABOUT,editorial-split,required,Company story,
automotive,about,3,page_section,TEAM,grid,optional,Team members,
automotive,about,4,page_section,STATS,counter,recommended,Key metrics,
automotive,about,5,page_section,CTA,centered,required,Get started / contact,
automotive,blog-index,1,page_section,HERO,page-header,required,Blog title + optional category filter,
automotive,blog-index,2,page_section,BLOG-PREVIEW,grid,required,Blog post grid with featured post,
automotive,blog-index,3,page_section,NEWSLETTER,inline,optional,Subscribe for updates,
automotive,collection,1,page_section,HERO,page-header,required,Collection title + description + optional banner,
automotive,collection,2,page_section,PRODUCT-SHOWCASE,filtered-grid,required,Product grid with sort/filter,
automotive,collection,3,page_section,PRODUCT-SHOWCASE,featured-3,optional,Featured products from collection,
automotive,contact,1,page_section,HERO,page-header,required,Contact us + subtitle,
automotive,contact,2,page_section,CONTACT,split-form,required,Form + location/map/hours,
automotive,contact,3,page_section,FAQ,mini-accordion,optional,Common questions before contacting,
automotive,content-page,1,page_section,HERO,page-header,required,Page title + optional subtitle,
automotive,content-page,2,page_section,CONTENT,rich-text,required,HTML content body,
automotive,content-page,3,page_section,CTA,inline,optional,Related page or action CTA,
automotive,homepage,1,page_section,HERO,video-background,required,Vehicle hero with cinematic footage,
automotive,homepage,2,page_section,PRODUCT-SHOWCASE,hover-cards,required,Vehicle lineup / categories,
automotive,homepage,3,page_section,FEATURES,icon-grid,required,"Performance specs, safety features",
automotive,homepage,4,page_section,CTA,centered,required,Book test drive / configure,
automotive,homepage,5,page_section,TESTIMONIALS,carousel,recommended,Owner reviews,
automotive,homepage,6,section,TRUST-BADGES,horizontal-strip,required,"Display manufacturer certifications, dealer awards, warranty badges, and financing partner logos.",
automotive,homepage,7,page_section,GALLERY,masonry,required,Interior + exterior + action shots,
automotive,homepage,8,section,FAQ,accordion,recommended,"Cover financing, trade-ins, test drives, warranty, and delivery. Address top purchase objections.",
automotive,homepage,9,page_section,CONTACT,split-form,required,,
automotive,product-detail,1,page_section,PRODUCT-DETAIL,gallery-sidebar,required,"Image gallery left, buy box right",
automotive,product-detail,2,page_section,PRODUCT-DETAIL,description-tabs,required,"Description, specs, reviews in tabs",
automotive,product-detail,3,page_section,PRODUCT-SHOWCASE,related-products,required,4 related products carousel,
automotive,shared,0,cart_drawer,CART-DRAWER,slide-out,required,Side panel with upsell recommendations,
automotive,shared,0,footer,FOOTER,mega,required,Multi-column standard footer,
automotive,shared,0,navigation,NAV,sticky-transparent,required,Standard dropdown navigation,
beauty-cosmetics,about,1,page_section,HERO,page-header,required,Company name + tagline,
beauty-cosmetics,about,2,page_section,ABOUT,editorial-split,required,Company story,
beauty-cosmetics,about,3,page_section,TEAM,grid,optional,Team members,
beauty-cosmetics,about,4,page_section,STATS,counter,recommended,Key metrics,
beauty-cosmetics,about,5,page_section,CTA,centered,required,Get started / contact,
beauty-cosmetics,blog-index,1,page_section,HERO,page-header,required,Blog title + optional category filter,
beauty-cosmetics,blog-index,2,page_section,BLOG-PREVIEW,grid,required,Blog post grid with featured post,
beauty-cosmetics,blog-index,3,page_section,NEWSLETTER,inline,optional,Subscribe for updates,
beauty-cosmetics,collection,1,page_section,HERO,page-header,required,Collection title + description + optional banner,
beauty-cosmetics,collection,2,page_section,PRODUCT-SHOWCASE,filtered-grid,required,Product grid with sort/filter,
beauty-cosmetics,collection,3,page_section,HOW-IT-WORKS,routine-banner,recommended,Build your routine CTA banner,
beauty-cosmetics,collection,4,page_section,PRODUCT-SHOWCASE,bestsellers,optional,Category bestsellers highlighted,
beauty-cosmetics,contact,1,page_section,HERO,page-header,required,Contact us + subtitle,
beauty-cosmetics,contact,2,page_section,CONTACT,split-form,required,Form + location/map/hours,
beauty-cosmetics,contact,3,page_section,FAQ,mini-accordion,optional,Common questions before contacting,
beauty-cosmetics,content-page,1,page_section,HERO,page-header,required,Page title + optional subtitle,
beauty-cosmetics,content-page,2,page_section,CONTENT,rich-text,required,HTML content body,
beauty-cosmetics,content-page,3,page_section,CTA,inline,optional,Related page or action CTA,
beauty-cosmetics,homepage,1,page_section,HERO,split-image,required,Hero product with benefit callouts,
beauty-cosmetics,homepage,2,page_section,PRODUCT-SHOWCASE,hover-cards,required,Shop by concern/category,
beauty-cosmetics,homepage,3,page_section,LOGO-BAR,static-grid,required,"Dermatologist-tested, cruelty-free badges",
beauty-cosmetics,homepage,4,page_section,HOW-IT-WORKS,numbered-steps,required,Skincare routine / application guide,
beauty-cosmetics,homepage,5,page_section,COMPARISON,table,optional,Why us vs competitors,
beauty-cosmetics,homepage,6,page_section,TESTIMONIALS,carousel,required,Before/after with customer quotes,
beauty-cosmetics,homepage,7,page_section,VIDEO,autoplay-hero,recommended,Product demo / ingredient story,
beauty-cosmetics,homepage,8,page_section,STATS,counter,recommended,Clinical results numbers,
beauty-cosmetics,homepage,9,page_section,NEWSLETTER,inline,recommended,Beauty tips + sample offer,
beauty-cosmetics,product-detail,1,page_section,PRODUCT-DETAIL,gallery-sidebar,required,Product + texture shots + swatch,
beauty-cosmetics,product-detail,2,page_section,PRODUCT-DETAIL,description-tabs,required,"Ingredients, how to use, clinical results",
beauty-cosmetics,product-detail,3,page_section,FEATURES,icon-row,required,Key benefits (3-4 icons inline),
beauty-cosmetics,product-detail,4,page_section,PRODUCT-DETAIL,subscription-upsell,recommended,Subscribe & save for consumables,
beauty-cosmetics,product-detail,5,page_section,TESTIMONIALS,mini-reviews,required,Before/after customer reviews,
beauty-cosmetics,product-detail,6,page_section,PRODUCT-SHOWCASE,routine-builder,required,Complete your routine cross-sell,
beauty-cosmetics,shared,0,cart_drawer,CART-DRAWER,slide-out,required,Side panel with upsell recommendations,
beauty-cosmetics,shared,0,footer,FOOTER,mega,required,Multi-column standard footer,
beauty-cosmetics,shared,0,navigation,NAV,mega-menu,required,Mega-menu with concern/category split,
construction-trades,about,1,page_section,HERO,page-header,required,Company name + tagline,
construction-trades,about,2,page_section,ABOUT,editorial-split,required,Company story,
construction-trades,about,3,page_section,TEAM,grid,optional,Team members,
construction-trades,about,4,page_section,STATS,counter,recommended,Key metrics,
construction-trades,about,5,page_section,CTA,centered,required,Get started / contact,
construction-trades,blog-index,1,page_section,HERO,page-header,required,Blog title + optional category filter,
construction-trades,blog-index,2,page_section,BLOG-PREVIEW,grid,required,Blog post grid with featured post,
construction-trades,blog-index,3,page_section,NEWSLETTER,inline,optional,Subscribe for updates,
construction-trades,collection,1,page_section,HERO,page-header,required,Collection title + description + optional banner,
construction-trades,collection,2,page_section,PRODUCT-SHOWCASE,filtered-grid,required,Product grid with sort/filter,
construction-trades,collection,3,page_section,PRODUCT-SHOWCASE,featured-3,optional,Featured products from collection,
construction-trades,contact,1,page_section,HERO,page-header,required,Contact us + subtitle,
construction-trades,contact,2,page_section,CONTACT,split-form,required,Form + location/map/hours,
construction-trades,contact,3,page_section,FAQ,mini-accordion,optional,Common questions before contacting,
construction-trades,content-page,1,page_section,HERO,page-header,required,Page title + optional subtitle,
construction-trades,content-page,2,page_section,CONTENT,rich-text,required,HTML content body,
construction-trades,content-page,3,page_section,CTA,inline,optional,Related page or action CTA,
construction-trades,homepage,1,page_section,HERO,full-bleed-overlay,required,Completed project showcase,
construction-trades,homepage,2,page_section,FEATURES,icon-grid,required,"Services (residential, commercial, renovation)",
construction-trades,homepage,3,page_section,PORTFOLIO,masonry,required,Project gallery with before/after,
construction-trades,homepage,4,page_section,TRUST-BADGES,horizontal-strip,required,"Licensed, insured, certified",
construction-trades,homepage,5,page_section,TESTIMONIALS,carousel,required,Client testimonials,
construction-trades,homepage,6,page_section,STATS,counter,required,"Projects completed, years experience",
construction-trades,homepage,7,page_section,HOW-IT-WORKS,numbered-steps,recommended,Project process (consult → design → build),
construction-trades,homepage,8,page_section,ABOUT,editorial-split,required,,
construction-trades,homepage,9,page_section,FAQ,accordion,recommended,"Timeline, pricing, permits",
construction-trades,homepage,10,page_section,CONTACT,split-form,required,Get a quote form,
construction-trades,homepage,11,page_section,CTA,centered,required,,
construction-trades,product-detail,1,page_section,PRODUCT-DETAIL,gallery-sidebar,required,"Image gallery left, buy box right",
construction-trades,product-detail,2,page_section,PRODUCT-DETAIL,description-tabs,required,"Description, specs, reviews in tabs",
construction-trades,product-detail,3,page_section,PRODUCT-SHOWCASE,related-products,required,4 related products carousel,
construction-trades,shared,0,cart_drawer,CART-DRAWER,slide-out,required,Side panel with upsell recommendations,
construction-trades,shared,0,footer,FOOTER,mega,required,Multi-column standard footer,
construction-trades,shared,0,navigation,NAV,sticky-transparent,required,Standard dropdown navigation,
creative-studios,about,1,page_section,HERO,page-header,required,Company name + tagline,
creative-studios,about,2,page_section,ABOUT,editorial-split,required,Company story,
creative-studios,about,3,page_section,TEAM,grid,optional,Team members,
creative-studios,about,4,page_section,STATS,counter,recommended,Key metrics,
creative-studios,about,5,page_section,CTA,centered,required,Get started / contact,
creative-studios,blog-index,1,page_section,HERO,page-header,required,Blog title + optional category filter,
creative-studios,blog-index,2,page_section,BLOG-PREVIEW,grid,required,Blog post grid with featured post,
creative-studios,blog-index,3,page_section,NEWSLETTER,inline,optional,Subscribe for updates,
creative-studios,collection,1,page_section,HERO,page-header,required,Collection title + description + optional banner,
creative-studios,collection,2,page_section,PRODUCT-SHOWCASE,filtered-grid,required,Product grid with sort/filter,
creative-studios,collection,3,page_section,PRODUCT-SHOWCASE,featured-3,optional,Featured products from collection,
creative-studios,contact,1,page_section,HERO,page-header,required,Contact us + subtitle,
creative-studios,contact,2,page_section,CONTACT,split-form,required,Form + location/map/hours,
creative-studios,contact,3,page_section,FAQ,mini-accordion,optional,Common questions before contacting,
creative-studios,content-page,1,page_section,HERO,page-header,required,Page title + optional subtitle,
creative-studios,content-page,2,page_section,CONTENT,rich-text,required,HTML content body,
creative-studios,content-page,3,page_section,CTA,inline,optional,Related page or action CTA,
creative-studios,homepage,1,page_section,HERO,animated-gradient,required,Bold typography + showreel,
creative-studios,homepage,2,page_section,PORTFOLIO,masonry,required,Selected works showcase,
creative-studios,homepage,3,page_section,FEATURES,icon-grid,required,Services offered,
creative-studios,homepage,4,page_section,LOGO-BAR,scrolling-marquee,recommended,Client logos,
creative-studios,homepage,5,page_section,ABOUT,editorial-split,required,"Studio philosophy, process",
creative-studios,homepage,6,page_section,TEAM,grid,optional,Creative team,
creative-studios,homepage,7,page_section,TESTIMONIALS,single-featured,recommended,Client quote,
creative-studios,homepage,8,page_section,CTA,centered,required,Start a project,
creative-studios,product-detail,1,page_section,PRODUCT-DETAIL,gallery-sidebar,required,"Image gallery left, buy box right",
creative-studios,product-detail,2,page_section,PRODUCT-DETAIL,description-tabs,required,"Description, specs, reviews in tabs",
creative-studios,product-detail,3,page_section,PRODUCT-SHOWCASE,related-products,required,4 related products carousel,
creative-studios,shared,0,cart_drawer,CART-DRAWER,slide-out,required,Side panel with upsell recommendations,
creative-studios,shared,0,footer,FOOTER,mega,required,Multi-column standard footer,
creative-studios,shared,0,navigation,NAV,sticky-transparent,required,Standard dropdown navigation,
education,about,1,page_section,HERO,page-header,required,Company name + tagline,
education,about,2,page_section,ABOUT,editorial-split,required,Company story,
education,about,3,page_section,TEAM,grid,optional,Team members,
education,about,4,page_section,STATS,counter,recommended,Key metrics,
education,about,5,page_section,CTA,centered,required,Get started / contact,
education,blog-index,1,page_section,HERO,page-header,required,Blog title + optional category filter,
education,blog-index,2,page_section,BLOG-PREVIEW,grid,required,Blog post grid with featured post,
education,blog-index,3,page_section,NEWSLETTER,inline,optional,Subscribe for updates,
education,collection,1,page_section,HERO,page-header,required,Collection title + description + optional banner,
education,collection,2,page_section,PRODUCT-SHOWCASE,filtered-grid,required,Product grid with sort/filter,
education,collection,3,page_section,PRODUCT-SHOWCASE,featured-3,optional,Featured products from collection,
education,contact,1,page_section,HERO,page-header,required,Contact us + subtitle,
education,contact,2,page_section,CONTACT,split-form,required,Form + location/map/hours,
education,contact,3,page_section,FAQ,mini-accordion,optional,Common questions before contacting,
education,content-page,1,page_section,HERO,page-header,required,Page title + optional subtitle,
education,content-page,2,page_section,CONTENT,rich-text,required,HTML content body,
education,content-page,3,page_section,CTA,inline,optional,Related page or action CTA,
education,homepage,1,page_section,HERO,split-image,required,Students/outcomes imagery,
education,homepage,2,page_section,PRODUCT-SHOWCASE,hover-cards,required,Course/program catalog,
education,homepage,3,page_section,STATS,counter,required,"Students enrolled, completion rate, career outcomes",
education,homepage,4,page_section,FEATURES,icon-grid,recommended,Platform features / learning benefits,
education,homepage,5,page_section,TEAM,grid,optional,Instructors / faculty,
education,homepage,6,page_section,HOW-IT-WORKS,numbered-steps,required,Enrollment process,
education,homepage,7,page_section,LOGO-BAR,static-grid,required,,
education,homepage,8,page_section,TESTIMONIALS,carousel,required,Student success stories,
education,homepage,9,page_section,FAQ,accordion,required,"Admissions, pricing, certificates",
education,homepage,10,page_section,CTA,centered,required,Enroll now / free preview,
education,product-detail,1,page_section,PRODUCT-DETAIL,gallery-sidebar,required,"Image gallery left, buy box right",
education,product-detail,2,page_section,PRODUCT-DETAIL,description-tabs,required,"Description, specs, reviews in tabs",
education,product-detail,3,page_section,PRODUCT-SHOWCASE,related-products,required,4 related products carousel,
education,shared,0,cart_drawer,CART-DRAWER,slide-out,required,Side panel with upsell recommendations,
education,shared,0,footer,FOOTER,mega,required,Multi-column standard footer,
education,shared,0,navigation,NAV,sticky-transparent,required,Standard dropdown navigation,
electronics-tech,about,1,page_section,HERO,page-header,required,Company name + tagline,
electronics-tech,about,2,page_section,ABOUT,editorial-split,required,Company story,
electronics-tech,about,3,page_section,TEAM,grid,optional,Team members,
electronics-tech,about,4,page_section,STATS,counter,recommended,Key metrics,
electronics-tech,about,5,page_section,CTA,centered,required,Get started / contact,
electronics-tech,blog-index,1,page_section,HERO,page-header,required,Blog title + optional category filter,
electronics-tech,blog-index,2,page_section,BLOG-PREVIEW,grid,required,Blog post grid with featured post,
electronics-tech,blog-index,3,page_section,NEWSLETTER,inline,optional,Subscribe for updates,
electronics-tech,collection,1,page_section,HERO,page-header,required,Collection title + description + optional banner,
electronics-tech,collection,2,page_section,PRODUCT-SHOWCASE,filtered-grid,required,Product grid with sort/filter,
electronics-tech,collection,3,page_section,COMPARISON,inline-compare,recommended,Quick compare selected products,
electronics-tech,collection,4,page_section,FAQ,mini-accordion,optional,Category buying guide FAQ,
electronics-tech,contact,1,page_section,HERO,page-header,required,Contact us + subtitle,
electronics-tech,contact,2,page_section,CONTACT,split-form,required,Form + location/map/hours,
electronics-tech,contact,3,page_section,FAQ,mini-accordion,optional,Common questions before contacting,
electronics-tech,content-page,1,page_section,HERO,page-header,required,Page title + optional subtitle,
electronics-tech,content-page,2,page_section,CONTENT,rich-text,required,HTML content body,
electronics-tech,content-page,3,page_section,CTA,inline,optional,Related page or action CTA,
electronics-tech,homepage,1,page_section,HERO,product-hero,required,Product hero with spec highlights,
electronics-tech,homepage,2,page_section,PRODUCT-SHOWCASE,hover-cards,required,Product lineup / categories,
electronics-tech,homepage,3,page_section,FEATURES,icon-grid,required,Key specs with icons,
electronics-tech,homepage,4,page_section,COMPARISON,table,required,Model comparison matrix,
electronics-tech,homepage,5,page_section,LOGO-BAR,scrolling-marquee,required,,
electronics-tech,homepage,6,page_section,TESTIMONIALS,carousel,recommended,Tech reviewer quotes,
electronics-tech,homepage,7,page_section,HOW-IT-WORKS,numbered-steps,optional,Setup / getting started,
electronics-tech,homepage,8,page_section,STATS,counter,recommended,"Users, uptime, performance metrics",
electronics-tech,homepage,9,section,TRUST-BADGES,horizontal-strip,required,"Warranty icons, security certifications, payment trust badges, and tech review site logos.",
electronics-tech,homepage,10,page_section,FAQ,accordion,required,"Compatibility, warranty, specs",
electronics-tech,homepage,11,page_section,NEWSLETTER,inline,recommended,Product updates + early access,
electronics-tech,product-detail,1,page_section,PRODUCT-DETAIL,gallery-sidebar,required,Product angles + annotated features,
electronics-tech,product-detail,2,page_section,FEATURES,spec-table,required,Full specifications table,
electronics-tech,product-detail,3,page_section,PRODUCT-DETAIL,description-tabs,required,"Overview, specs, in the box, compatibility",
electronics-tech,product-detail,4,page_section,COMPARISON,inline-compare,recommended,Compare models side-by-side,
electronics-tech,product-detail,5,page_section,VIDEO,inline-player,recommended,Demo / setup walkthrough,
electronics-tech,product-detail,6,page_section,TESTIMONIALS,mini-reviews,required,User reviews with star breakdown,
electronics-tech,product-detail,7,page_section,PRODUCT-SHOWCASE,accessories,required,Compatible accessories bundle,
electronics-tech,shared,0,cart_drawer,CART-DRAWER,slide-out,required,Side panel with upsell recommendations,
electronics-tech,shared,0,footer,FOOTER,mega,required,Multi-column standard footer,
electronics-tech,shared,0,navigation,NAV,mega-menu,required,Utility-first with search prominence,
events-venues,about,1,page_section,HERO,page-header,required,Company name + tagline,
events-venues,about,2,page_section,ABOUT,editorial-split,required,Company story,
events-venues,about,3,page_section,TEAM,grid,optional,Team members,
events-venues,about,4,page_section,STATS,counter,recommended,Key metrics,
events-venues,about,5,page_section,CTA,centered,required,Get started / contact,
events-venues,blog-index,1,page_section,HERO,page-header,required,Blog title + optional category filter,
events-venues,blog-index,2,page_section,BLOG-PREVIEW,grid,required,Blog post grid with featured post,
events-venues,blog-index,3,page_section,NEWSLETTER,inline,optional,Subscribe for updates,
events-venues,collection,1,page_section,HERO,page-header,required,Collection title + description + optional banner,
events-venues,collection,2,page_section,PRODUCT-SHOWCASE,filtered-grid,required,Product grid with sort/filter,
events-venues,collection,3,page_section,PRODUCT-SHOWCASE,featured-3,optional,Featured products from collection,
events-venues,contact,1,page_section,HERO,page-header,required,Contact us + subtitle,
events-venues,contact,2,page_section,CONTACT,split-form,required,Form + location/map/hours,
events-venues,contact,3,page_section,FAQ,mini-accordion,optional,Common questions before contacting,
events-venues,content-page,1,page_section,HERO,page-header,required,Page title + optional subtitle,
events-venues,content-page,2,page_section,CONTENT,rich-text,required,HTML content body,
events-venues,content-page,3,page_section,CTA,inline,optional,Related page or action CTA,
events-venues,homepage,1,page_section,HERO,video-background,required,Event highlight reel,
events-venues,homepage,2,page_section,FEATURES,icon-grid,required,"Venue specs (capacity, A/V, catering)",
events-venues,homepage,3,page_section,GALLERY,masonry,required,Venue + event photography,
events-venues,homepage,4,page_section,PRODUCT-SHOWCASE,hover-cards,required,Event packages / venue spaces,
events-venues,homepage,5,page_section,TESTIMONIALS,carousel,required,Client event testimonials,
events-venues,homepage,6,page_section,TRUST-BADGES,horizontal-strip,required,,
events-venues,homepage,7,page_section,HOW-IT-WORKS,numbered-steps,recommended,Booking process,
events-venues,homepage,8,page_section,FAQ,accordion,recommended,"Capacity, catering, availability",
events-venues,homepage,9,page_section,CONTACT,split-form,required,Inquiry form,
events-venues,product-detail,1,page_section,PRODUCT-DETAIL,gallery-sidebar,required,"Image gallery left, buy box right",
events-venues,product-detail,2,page_section,PRODUCT-DETAIL,description-tabs,required,"Description, specs, reviews in tabs",
events-venues,product-detail,3,page_section,PRODUCT-SHOWCASE,related-products,required,4 related products carousel,
events-venues,shared,0,cart_drawer,CART-DRAWER,slide-out,required,Side panel with upsell recommendations,
events-venues,shared,0,footer,FOOTER,mega,required,Multi-column standard footer,
events-venues,shared,0,navigation,NAV,sticky-transparent,required,Standard dropdown navigation,
fashion-apparel,about,1,page_section,HERO,page-header,required,Company name + tagline,
fashion-apparel,about,2,page_section,ABOUT,editorial-split,required,Company story,
fashion-apparel,about,3,page_section,TEAM,grid,optional,Team members,
fashion-apparel,about,4,page_section,STATS,counter,recommended,Key metrics,
fashion-apparel,about,5,page_section,CTA,centered,required,Get started / contact,
fashion-apparel,blog-index,1,page_section,HERO,page-header,required,Blog title + optional category filter,
fashion-apparel,blog-index,2,page_section,BLOG-PREVIEW,grid,required,Blog post grid with featured post,
fashion-apparel,blog-index,3,page_section,NEWSLETTER,inline,optional,Subscribe for updates,
fashion-apparel,collection,1,page_section,HERO,page-header,required,Collection title + description + optional banner,
fashion-apparel,collection,2,page_section,PRODUCT-SHOWCASE,filtered-grid,required,Product grid with sort/filter,
fashion-apparel,collection,3,page_section,GALLERY,lookbook-banner,recommended,Styled campaign banner mid-grid,
fashion-apparel,collection,4,page_section,PRODUCT-SHOWCASE,trending,optional,Trending in this category,
fashion-apparel,contact,1,page_section,HERO,page-header,required,Contact us + subtitle,
fashion-apparel,contact,2,page_section,CONTACT,split-form,required,Form + location/map/hours,
fashion-apparel,contact,3,page_section,FAQ,mini-accordion,optional,Common questions before contacting,
fashion-apparel,content-page,1,page_section,HERO,page-header,required,Page title + optional subtitle,
fashion-apparel,content-page,2,page_section,CONTENT,rich-text,required,HTML content body,
fashion-apparel,content-page,3,page_section,CTA,inline,optional,Related page or action CTA,
fashion-apparel,homepage,1,page_section,HERO,video-background,required,Seasonal campaign with model imagery,
fashion-apparel,homepage,2,page_section,PRODUCT-SHOWCASE,hover-cards,required,New arrivals / seasonal collection,
fashion-apparel,homepage,3,page_section,PRODUCT-SHOWCASE,carousel,required,Bestsellers with quick-add,
fashion-apparel,homepage,4,page_section,GALLERY,lookbook-grid,required,Editorial lookbook / styled outfits,
fashion-apparel,homepage,5,page_section,ABOUT,editorial-split,recommended,"Brand ethos, design philosophy",
fashion-apparel,homepage,6,page_section,TESTIMONIALS,wall,recommended,UGC / customer photos wall,
fashion-apparel,homepage,7,page_section,LOGO-BAR,static-grid,optional,Featured in press logos,
fashion-apparel,homepage,8,page_section,CTA,split-image,required,Shop the collection CTA,
fashion-apparel,homepage,9,page_section,NEWSLETTER,inline,recommended,VIP access + first look discount,
fashion-apparel,product-detail,1,page_section,PRODUCT-DETAIL,gallery-sidebar,required,"Multi-angle + model shots, zoom on hover",
fashion-apparel,product-detail,2,page_section,PRODUCT-DETAIL,variant-selector,required,"Color swatches, size guide modal",
fashion-apparel,product-detail,3,page_section,PRODUCT-DETAIL,description-tabs,required,"Details, fabric/care, size chart",
fashion-apparel,product-detail,4,page_section,PRODUCT-SHOWCASE,complete-the-look,required,Styled outfit cross-sell (3-4 items),
fashion-apparel,product-detail,5,page_section,TESTIMONIALS,mini-reviews,required,Customer fit reviews with photos,
fashion-apparel,product-detail,6,page_section,PRODUCT-SHOWCASE,related-products,required,You may also like,
fashion-apparel,shared,0,cart_drawer,CART-DRAWER,slide-out,required,Side panel with upsell recommendations,
fashion-apparel,shared,0,footer,FOOTER,mega,required,Multi-column with Instagram feed link,
fashion-apparel,shared,0,navigation,NAV,mega-menu,required,Mega-menu with imagery per category,
fintech,account,1,page_section,DASHBOARD-HEADER,welcome,required,Greeting and account status,
fintech,account,2,page_section,ACCOUNT-NAV,sidebar,required,"Settings, billing, security links",
fintech,account,3,page_section,SUMMARY-CARDS,metrics,required,Balance / orders / portfolio summary,
fintech,account,4,page_section,ACTIVITY-FEED,timeline,recommended,Recent transactions or updates,
fintech,account,5,page_section,FOOTER,support,required,Help and logout links,
fintech,checkout,1,page_section,CHECKOUT-HEADER,secure-lock,required,Secure checkout indicator and order summary,
fintech,checkout,2,page_section,PAYMENT-FORM,card-fields,required,Card / wallet payment form,
fintech,checkout,3,page_section,ORDER-SUMMARY,sidebar,required,Itemised order summary with totals,
fintech,checkout,4,page_section,TRUST-BADGES,pci-row,required,PCI / secure payment badges,
fintech,checkout,5,page_section,FOOTER,support,required,Support and refund policy links,
fintech,homepage,1,page_section,HERO,trust-hero,required,Trust-first value proposition with security badges and product mockup,
fintech,homepage,2,page_section,LOGO-BAR,scrolling-marquee,required,"Payment partners, banking integrations, accreditation logos",
fintech,homepage,3,page_section,FEATURES,icon-grid,required,"Core services: payments, transfers, budgeting, cards, savings, lending",
fintech,homepage,4,page_section,HOW-IT-WORKS,numbered-steps,required,"3-step onboarding: connect account, transact, track",
fintech,homepage,5,page_section,STATS,counter,recommended,"Users, transaction volume, countries served, uptime",
fintech,homepage,6,page_section,TESTIMONIALS,carousel,required,Customer success stories and case studies,
fintech,homepage,7,page_section,TRUST-BADGES,security-row,required,"PCI, SOC2, encryption, regulatory compliance badges",
fintech,homepage,8,page_section,FAQ-ACCORDION,collapsible,recommended,"Security, pricing, eligibility frequently asked questions",
fintech,homepage,9,page_section,CTA-STRIP,bottom-sticky,required,"Final conversion: sign up for free, get started, contact sales",
fintech,homepage,10,page_section,FOOTER,compliance,required,"Regulatory disclaimers, licensing info, support, terms, privacy",
fintech,kyc,1,page_section,HERO,verification-hero,required,Why verification is required,
fintech,kyc,2,page_section,KYC-FORM,document-upload,required,ID / proof-of-address upload flow,
fintech,kyc,3,page_section,STEP-INDICATOR,progress,required,Multi-step verification progress,
fintech,kyc,4,page_section,TRUST-BADGES,security-row,required,Data handling and encryption assurance,
fintech,kyc,5,page_section,FOOTER,legal,required,Regulatory and privacy links,
fintech,legal,1,page_section,LEGAL-HEADER,document-title,required,Document title and effective date,
fintech,legal,2,page_section,TABLE-OF-CONTENTS,sticky,recommended,Anchored section navigation,
fintech,legal,3,page_section,LEGAL-BODY,sections,required,Numbered sections with plain-language summaries,
fintech,legal,4,page_section,CONTACT-BLOCK,support,required,Contact information for questions,
fintech,legal,5,page_section,FOOTER,legal,required,Related legal documents,
fintech,pricing,1,page_section,HERO,value-prop,required,Clear value proposition and starting price,
fintech,pricing,2,page_section,PRICING-TABLE,tier-cards,required,3-tier plan comparison with feature checklist,
fintech,pricing,3,page_section,TRUST-BADGES,security-row,required,"Security, compliance, and guarantee badges",
fintech,pricing,4,page_section,FAQ-ACCORDION,collapsible,recommended,Pricing FAQ to overcome objections,
fintech,pricing,5,page_section,CTA-STRIP,bottom-sticky,required,Final conversion CTA after comparison,
fintech,pricing,6,page_section,FOOTER,compliance,required,Regulatory disclaimers and support links,
fintech,signup,1,page_section,HERO,signup-hero,required,Benefit-focused headline with social proof,
fintech,signup,2,page_section,SIGNUP-FORM,email-password,required,Email / password / consent form,
fintech,signup,3,page_section,TRUST-BADGES,security-row,required,Encryption and compliance signals,
fintech,signup,4,page_section,SOCIAL-PROOF,testimonial-row,recommended,Customer quote or user count,
fintech,signup,5,page_section,FOOTER,legal,required,Terms and privacy links,
health-wellness,about,1,page_section,HERO,page-header,required,Company name + tagline,
health-wellness,about,2,page_section,ABOUT,editorial-split,required,Company story,
health-wellness,about,3,page_section,TEAM,grid,optional,Team members,
health-wellness,about,4,page_section,STATS,counter,recommended,Key metrics,
health-wellness,about,5,page_section,CTA,centered,required,Get started / contact,
health-wellness,blog-index,1,page_section,HERO,page-header,required,Blog title + optional category filter,
health-wellness,blog-index,2,page_section,BLOG-PREVIEW,grid,required,Blog post grid with featured post,
health-wellness,blog-index,3,page_section,NEWSLETTER,inline,optional,Subscribe for updates,
health-wellness,collection,1,page_section,HERO,page-header,required,Collection title + description + optional banner,
health-wellness,collection,2,page_section,PRODUCT-SHOWCASE,filtered-grid,required,Product grid with sort/filter,
health-wellness,collection,3,page_section,FEATURES,goal-navigator,recommended,Shop by goal/need filter,
health-wellness,collection,4,page_section,TRUST-BADGES,inline-strip,optional,Category-level certifications,
health-wellness,contact,1,page_section,HERO,page-header,required,Contact us + subtitle,
health-wellness,contact,2,page_section,CONTACT,split-form,required,Form + location/map/hours,
health-wellness,contact,3,page_section,FAQ,mini-accordion,optional,Common questions before contacting,
health-wellness,content-page,1,page_section,HERO,page-header,required,Page title + optional subtitle,
health-wellness,content-page,2,page_section,CONTENT,rich-text,required,HTML content body,
health-wellness,content-page,3,page_section,CTA,inline,optional,Related page or action CTA,
health-wellness,homepage,1,page_section,HERO,split-image,required,Wellness outcome imagery with clear CTA,
health-wellness,homepage,2,page_section,LOGO-BAR,static-grid,required,,
health-wellness,homepage,3,page_section,HOW-IT-WORKS,numbered-steps,required,How it works / protocol,
health-wellness,homepage,4,page_section,PRODUCT-SHOWCASE,hover-cards,required,Shop by goal/need,
health-wellness,homepage,5,page_section,STATS,counter,required,Clinical results / user outcomes,
health-wellness,homepage,6,page_section,TESTIMONIALS,carousel,required,Transformation stories,
health-wellness,homepage,7,page_section,TRUST-BADGES,horizontal-strip,required,"FDA, GMP, third-party tested",
health-wellness,homepage,8,page_section,COMPARISON,table,recommended,Ingredient transparency vs competitors,
health-wellness,homepage,9,page_section,FAQ,accordion,required,"Dosage, interactions, shipping",
health-wellness,homepage,10,page_section,NEWSLETTER,inline,recommended,Wellness tips + first order discount,
health-wellness,product-detail,1,page_section,PRODUCT-DETAIL,gallery-sidebar,required,Product + supplement facts overlay,
health-wellness,product-detail,2,page_section,PRODUCT-DETAIL,description-tabs,required,"Benefits, ingredients, dosage, research",
health-wellness,product-detail,3,page_section,TRUST-BADGES,inline-strip,required,"Third-party tested, GMP, FDA facility",
health-wellness,product-detail,4,page_section,PRODUCT-DETAIL,subscription-upsell,required,Subscribe & save 15%,
health-wellness,product-detail,5,page_section,FAQ,mini-accordion,recommended,Product-specific FAQ (3-5 questions),
health-wellness,product-detail,6,page_section,TESTIMONIALS,mini-reviews,required,Customer results reviews,
health-wellness,product-detail,7,page_section,PRODUCT-SHOWCASE,stack-builder,recommended,Stack with these supplements,
health-wellness,shared,0,cart_drawer,CART-DRAWER,slide-out,required,Side panel with upsell recommendations,
health-wellness,shared,0,footer,FOOTER,mega,required,Multi-column standard footer,
health-wellness,shared,0,navigation,NAV,sticky-transparent,required,Standard dropdown navigation,
home-lifestyle,about,1,page_section,HERO,page-header,required,Company name + tagline,
home-lifestyle,about,2,page_section,ABOUT,editorial-split,required,Company story,
home-lifestyle,about,3,page_section,TEAM,grid,optional,Team members,
home-lifestyle,about,4,page_section,STATS,counter,recommended,Key metrics,
home-lifestyle,about,5,page_section,CTA,centered,required,Get started / contact,
home-lifestyle,blog-index,1,page_section,HERO,page-header,required,Blog title + optional category filter,
home-lifestyle,blog-index,2,page_section,BLOG-PREVIEW,grid,required,Blog post grid with featured post,
home-lifestyle,blog-index,3,page_section,NEWSLETTER,inline,optional,Subscribe for updates,
home-lifestyle,collection,1,page_section,HERO,page-header,required,Collection title + description + optional banner,
home-lifestyle,collection,2,page_section,PRODUCT-SHOWCASE,filtered-grid,required,Product grid with sort/filter,
home-lifestyle,collection,3,page_section,GALLERY,room-inspiration,recommended,Styled room inspiration banner,
home-lifestyle,contact,1,page_section,HERO,page-header,required,Contact us + subtitle,
home-lifestyle,contact,2,page_section,CONTACT,split-form,required,Form + location/map/hours,
home-lifestyle,contact,3,page_section,FAQ,mini-accordion,optional,Common questions before contacting,
home-lifestyle,content-page,1,page_section,HERO,page-header,required,Page title + optional subtitle,
home-lifestyle,content-page,2,page_section,CONTENT,rich-text,required,HTML content body,
home-lifestyle,content-page,3,page_section,CTA,inline,optional,Related page or action CTA,
home-lifestyle,homepage,1,page_section,HERO,split-image,required,Styled room setting with hero product,
home-lifestyle,homepage,2,page_section,PRODUCT-SHOWCASE,hover-cards,required,Shop by room/category,
home-lifestyle,homepage,3,page_section,GALLERY,lookbook-grid,required,Interior inspiration / styled spaces,
home-lifestyle,homepage,4,page_section,PRODUCT-SHOWCASE,carousel,recommended,Trending / bestsellers,
home-lifestyle,homepage,5,page_section,ABOUT,editorial-split,recommended,"Design philosophy, materials sourcing",
home-lifestyle,homepage,6,page_section,TESTIMONIALS,carousel,recommended,Customer home transformations,
home-lifestyle,homepage,7,page_section,CTA,split-image,optional,Design consultation CTA,
home-lifestyle,homepage,8,page_section,HOW-IT-WORKS,numbered-steps,optional,Design service / consultation flow,
home-lifestyle,homepage,9,page_section,NEWSLETTER,inline,recommended,Design tips + sale notifications,
home-lifestyle,homepage,10,section,FAQ,accordion,optional,"Materials, dimensions, delivery, assembly, care instructions. Address returns and exchanges.",
home-lifestyle,product-detail,1,page_section,PRODUCT-DETAIL,gallery-sidebar,required,Product + styled room context shots,
home-lifestyle,product-detail,2,page_section,PRODUCT-DETAIL,description-tabs,required,"Description, dimensions, materials, care",
home-lifestyle,product-detail,3,page_section,FEATURES,icon-row,required,"Material, dimensions, weight specs",
home-lifestyle,product-detail,4,page_section,GALLERY,in-context,recommended,Room inspiration with product,
home-lifestyle,product-detail,5,page_section,PRODUCT-SHOWCASE,complete-the-look,required,Style this room cross-sell,
home-lifestyle,product-detail,6,page_section,TESTIMONIALS,mini-reviews,recommended,Customer home photos,
home-lifestyle,shared,0,cart_drawer,CART-DRAWER,slide-out,required,Side panel with upsell recommendations,
home-lifestyle,shared,0,footer,FOOTER,mega,required,Multi-column standard footer,
home-lifestyle,shared,0,navigation,NAV,sticky-transparent,required,Standard dropdown navigation,
hotels-hospitality,about,1,page_section,HERO,page-header,required,Company name + tagline,
hotels-hospitality,about,2,page_section,ABOUT,editorial-split,required,Company story,
hotels-hospitality,about,3,page_section,TEAM,grid,optional,Team members,
hotels-hospitality,about,4,page_section,STATS,counter,recommended,Key metrics,
hotels-hospitality,about,5,page_section,CTA,centered,required,Get started / contact,
hotels-hospitality,blog-index,1,page_section,HERO,page-header,required,Blog title + optional category filter,
hotels-hospitality,blog-index,2,page_section,BLOG-PREVIEW,grid,required,Blog post grid with featured post,
hotels-hospitality,blog-index,3,page_section,NEWSLETTER,inline,optional,Subscribe for updates,
hotels-hospitality,collection,1,page_section,HERO,page-header,required,Collection title + description + optional banner,
hotels-hospitality,collection,2,page_section,PRODUCT-SHOWCASE,filtered-grid,required,Product grid with sort/filter,
hotels-hospitality,collection,3,page_section,PRODUCT-SHOWCASE,featured-3,optional,Featured products from collection,
hotels-hospitality,contact,1,page_section,HERO,page-header,required,Contact us + subtitle,
hotels-hospitality,contact,2,page_section,CONTACT,split-form,required,Form + location/map/hours,
hotels-hospitality,contact,3,page_section,FAQ,mini-accordion,optional,Common questions before contacting,
hotels-hospitality,content-page,1,page_section,HERO,page-header,required,Page title + optional subtitle,
hotels-hospitality,content-page,2,page_section,CONTENT,rich-text,required,HTML content body,
hotels-hospitality,content-page,3,page_section,CTA,inline,optional,Related page or action CTA,
hotels-hospitality,homepage,1,page_section,HERO,video-background,required,Property showcase video,
hotels-hospitality,homepage,2,page_section,PRODUCT-SHOWCASE,hover-cards,required,Room categories / experiences,
hotels-hospitality,homepage,3,page_section,FEATURES,icon-grid,required,Amenities and services,
hotels-hospitality,homepage,4,page_section,GALLERY,masonry,required,Room types + amenities photography,
hotels-hospitality,homepage,5,page_section,ABOUT,editorial-split,recommended,"Property story, location highlights",
hotels-hospitality,homepage,6,page_section,TESTIMONIALS,carousel,required,Guest reviews,
hotels-hospitality,homepage,7,page_section,STATS,counter,recommended,"Guest satisfaction, awards, years",
hotels-hospitality,homepage,8,page_section,CTA,centered,required,Book your stay,
hotels-hospitality,homepage,9,page_section,FAQ,accordion,required,,
hotels-hospitality,homepage,10,page_section,NEWSLETTER,inline,required,,
hotels-hospitality,product-detail,1,page_section,PRODUCT-DETAIL,gallery-sidebar,required,"Image gallery left, buy box right",
hotels-hospitality,product-detail,2,page_section,PRODUCT-DETAIL,description-tabs,required,"Description, specs, reviews in tabs",
hotels-hospitality,product-detail,3,page_section,PRODUCT-SHOWCASE,related-products,required,4 related products carousel,
hotels-hospitality,shared,0,cart_drawer,CART-DRAWER,slide-out,required,Side panel with upsell recommendations,
hotels-hospitality,shared,0,footer,FOOTER,mega,required,Multi-column standard footer,
hotels-hospitality,shared,0,navigation,NAV,sticky-transparent,required,Standard dropdown navigation,
investment-holding,account,1,page_section,DASHBOARD-HEADER,welcome,required,Greeting and account status,
investment-holding,account,2,page_section,ACCOUNT-NAV,sidebar,required,"Settings, billing, security links",
investment-holding,account,3,page_section,SUMMARY-CARDS,metrics,required,Balance / orders / portfolio summary,
investment-holding,account,4,page_section,ACTIVITY-FEED,timeline,recommended,Recent transactions or updates,
investment-holding,account,5,page_section,FOOTER,support,required,Help and logout links,
investment-holding,checkout,1,page_section,CHECKOUT-HEADER,secure-lock,required,Secure checkout indicator and order summary,
investment-holding,checkout,2,page_section,PAYMENT-FORM,card-fields,required,Card / wallet payment form,
investment-holding,checkout,3,page_section,ORDER-SUMMARY,sidebar,required,Itemised order summary with totals,
investment-holding,checkout,4,page_section,TRUST-BADGES,pci-row,required,PCI / secure payment badges,
investment-holding,checkout,5,page_section,FOOTER,support,required,Support and refund policy links,
investment-holding,kyc,1,page_section,HERO,verification-hero,required,Why verification is required,
investment-holding,kyc,2,page_section,KYC-FORM,document-upload,required,ID / proof-of-address upload flow,
investment-holding,kyc,3,page_section,STEP-INDICATOR,progress,required,Multi-step verification progress,
investment-holding,kyc,4,page_section,TRUST-BADGES,security-row,required,Data handling and encryption assurance,
investment-holding,kyc,5,page_section,FOOTER,legal,required,Regulatory and privacy links,
investment-holding,legal,1,page_section,LEGAL-HEADER,document-title,required,Document title and effective date,
investment-holding,legal,2,page_section,TABLE-OF-CONTENTS,sticky,recommended,Anchored section navigation,
investment-holding,legal,3,page_section,LEGAL-BODY,sections,required,Numbered sections with plain-language summaries,
investment-holding,legal,4,page_section,CONTACT-BLOCK,support,required,Contact information for questions,
investment-holding,legal,5,page_section,FOOTER,legal,required,Related legal documents,
investment-holding,pricing,1,page_section,HERO,value-prop,required,Clear value proposition and starting price,
investment-holding,pricing,2,page_section,PRICING-TABLE,tier-cards,required,3-tier plan comparison with feature checklist,
investment-holding,pricing,3,page_section,TRUST-BADGES,security-row,required,"Security, compliance, and guarantee badges",
investment-holding,pricing,4,page_section,FAQ-ACCORDION,collapsible,recommended,Pricing FAQ to overcome objections,
investment-holding,pricing,5,page_section,CTA-STRIP,bottom-sticky,required,Final conversion CTA after comparison,
investment-holding,pricing,6,page_section,FOOTER,compliance,required,Regulatory disclaimers and support links,
investment-holding,signup,1,page_section,HERO,signup-hero,required,Benefit-focused headline with social proof,
investment-holding,signup,2,page_section,SIGNUP-FORM,email-password,required,Email / password / consent form,
investment-holding,signup,3,page_section,TRUST-BADGES,security-row,required,Encryption and compliance signals,
investment-holding,signup,4,page_section,SOCIAL-PROOF,testimonial-row,recommended,Customer quote or user count,
investment-holding,signup,5,page_section,FOOTER,legal,required,Terms and privacy links,
jewelry-watches,about,1,page_section,HERO,page-header,required,Company name + tagline,
jewelry-watches,about,2,page_section,ABOUT,editorial-split,required,Company story,
jewelry-watches,about,3,page_section,TEAM,grid,optional,Team members,
jewelry-watches,about,4,page_section,STATS,counter,recommended,Key metrics,
jewelry-watches,about,5,page_section,CTA,centered,required,Get started / contact,
jewelry-watches,blog-index,1,page_section,HERO,page-header,required,Blog title + optional category filter,
jewelry-watches,blog-index,2,page_section,BLOG-PREVIEW,grid,required,Blog post grid with featured post,
jewelry-watches,blog-index,3,page_section,NEWSLETTER,inline,optional,Subscribe for updates,
jewelry-watches,collection,1,page_section,HERO,page-header,required,Collection title + description + optional banner,
jewelry-watches,collection,2,page_section,PRODUCT-SHOWCASE,filtered-grid,required,Product grid with sort/filter,
jewelry-watches,collection,3,page_section,PRODUCT-SHOWCASE,featured-3,optional,Featured products from collection,
jewelry-watches,contact,1,page_section,HERO,page-header,required,Contact us + subtitle,
jewelry-watches,contact,2,page_section,CONTACT,split-form,required,Form + location/map/hours,
jewelry-watches,contact,3,page_section,FAQ,mini-accordion,optional,Common questions before contacting,
jewelry-watches,content-page,1,page_section,HERO,page-header,required,Page title + optional subtitle,
jewelry-watches,content-page,2,page_section,CONTENT,rich-text,required,HTML content body,
jewelry-watches,content-page,3,page_section,CTA,inline,optional,Related page or action CTA,
jewelry-watches,homepage,1,page_section,HERO,minimal-text,required,Luxe typography over dark product shot,
jewelry-watches,homepage,2,page_section,PRODUCT-SHOWCASE,hover-cards,required,Collections by category,
jewelry-watches,homepage,3,page_section,ABOUT,editorial-split,required,Craftsmanship story,
jewelry-watches,homepage,4,page_section,VIDEO,autoplay-hero,recommended,Making-of / detail shots,
jewelry-watches,homepage,5,page_section,LOGO-BAR,static-grid,required,,
jewelry-watches,homepage,6,page_section,TESTIMONIALS,carousel,recommended,Customer milestone stories,
jewelry-watches,homepage,7,page_section,GALLERY,masonry,required,Lifestyle + detail photography,
jewelry-watches,homepage,8,page_section,CTA,centered,optional,Book consultation / custom design,
jewelry-watches,homepage,9,page_section,NEWSLETTER,inline,recommended,First access + care guide,
jewelry-watches,product-detail,1,page_section,PRODUCT-DETAIL,gallery-sidebar,required,High-res detail shots + lifestyle,
jewelry-watches,product-detail,2,page_section,PRODUCT-DETAIL,description-tabs,required,"Materials, dimensions, care, certificate",
jewelry-watches,product-detail,3,page_section,TRUST-BADGES,inline-strip,required,"Authenticity, warranty, free shipping",
jewelry-watches,product-detail,4,page_section,VIDEO,inline-player,recommended,360° view or craftsmanship detail,
jewelry-watches,product-detail,5,page_section,PRODUCT-SHOWCASE,related-products,required,From the same collection,
jewelry-watches,shared,0,cart_drawer,CART-DRAWER,slide-out,required,Side panel with upsell recommendations,
jewelry-watches,shared,0,footer,FOOTER,mega,required,Multi-column standard footer,
jewelry-watches,shared,0,navigation,NAV,sticky-transparent,required,Elegant minimal with centered logo,
kids-baby,about,1,page_section,HERO,page-header,required,Company name + tagline,
kids-baby,about,2,page_section,ABOUT,editorial-split,required,Company story,
kids-baby,about,3,page_section,TEAM,grid,optional,Team members,
kids-baby,about,4,page_section,STATS,counter,recommended,Key metrics,
kids-baby,about,5,page_section,CTA,centered,required,Get started / contact,
kids-baby,blog-index,1,page_section,HERO,page-header,required,Blog title + optional category filter,
kids-baby,blog-index,2,page_section,BLOG-PREVIEW,grid,required,Blog post grid with featured post,
kids-baby,blog-index,3,page_section,NEWSLETTER,inline,optional,Subscribe for updates,
kids-baby,collection,1,page_section,HERO,page-header,required,Collection title + description + optional banner,
kids-baby,collection,2,page_section,PRODUCT-SHOWCASE,filtered-grid,required,Product grid with sort/filter,
kids-baby,collection,3,page_section,PRODUCT-SHOWCASE,featured-3,optional,Featured products from collection,
kids-baby,contact,1,page_section,HERO,page-header,required,Contact us + subtitle,
kids-baby,contact,2,page_section,CONTACT,split-form,required,Form + location/map/hours,
kids-baby,contact,3,page_section,FAQ,mini-accordion,optional,Common questions before contacting,
kids-baby,content-page,1,page_section,HERO,page-header,required,Page title + optional subtitle,
kids-baby,content-page,2,page_section,CONTENT,rich-text,required,HTML content body,
kids-baby,content-page,3,page_section,CTA,inline,optional,Related page or action CTA,
kids-baby,homepage,1,page_section,HERO,split-image,required,Playful imagery with warm tones,
kids-baby,homepage,2,page_section,PRODUCT-SHOWCASE,hover-cards,required,Shop by age / category,
kids-baby,homepage,3,page_section,TRUST-BADGES,horizontal-strip,required,"Safety certifications, non-toxic, organic",
kids-baby,homepage,4,page_section,FEATURES,icon-grid,required,"Material safety, durability, design",
kids-baby,homepage,5,page_section,TESTIMONIALS,wall,required,Parent reviews with kid photos,
kids-baby,homepage,6,page_section,CTA,centered,recommended,Shop bestsellers / gift registry,
kids-baby,homepage,7,page_section,ABOUT,editorial-split,required,,
kids-baby,homepage,8,page_section,FAQ,accordion,recommended,"Sizing, safety, returns",
kids-baby,homepage,9,page_section,NEWSLETTER,inline,recommended,Parenting tips + new arrivals,
kids-baby,product-detail,1,page_section,PRODUCT-DETAIL,gallery-sidebar,required,Product + child-safe demo shots,
kids-baby,product-detail,2,page_section,PRODUCT-DETAIL,description-tabs,required,"Description, safety info, age range, materials",
kids-baby,product-detail,3,page_section,TRUST-BADGES,inline-strip,required,"Safety certs, non-toxic, age-appropriate",
kids-baby,product-detail,4,page_section,PRODUCT-SHOWCASE,bundle-builder,recommended,Gift set / bundle builder,
kids-baby,product-detail,5,page_section,TESTIMONIALS,mini-reviews,required,Parent reviews,
kids-baby,product-detail,6,page_section,PRODUCT-SHOWCASE,related-products,required,Also great for this age,
kids-baby,shared,0,cart_drawer,CART-DRAWER,slide-out,required,Side panel with upsell recommendations,
kids-baby,shared,0,footer,FOOTER,mega,required,Multi-column standard footer,
kids-baby,shared,0,navigation,NAV,sticky-transparent,required,Standard dropdown navigation,
luxury-premium,about,1,page_section,HERO,page-header,required,Company name + tagline,
luxury-premium,about,2,page_section,ABOUT,editorial-split,required,Company story,
luxury-premium,about,3,page_section,TEAM,grid,optional,Team members,
luxury-premium,about,4,page_section,STATS,counter,recommended,Key metrics,
luxury-premium,about,5,page_section,CTA,centered,required,Get started / contact,
luxury-premium,blog-index,1,page_section,HERO,page-header,required,Blog title + optional category filter,
luxury-premium,blog-index,2,page_section,BLOG-PREVIEW,grid,required,Blog post grid with featured post,
luxury-premium,blog-index,3,page_section,NEWSLETTER,inline,optional,Subscribe for updates,
luxury-premium,collection,1,page_section,HERO,page-header,required,Collection title + description + optional banner,
luxury-premium,collection,2,page_section,PRODUCT-SHOWCASE,filtered-grid,required,Product grid with sort/filter,
luxury-premium,collection,3,page_section,PRODUCT-SHOWCASE,featured-3,optional,Featured products from collection,
luxury-premium,contact,1,page_section,HERO,page-header,required,Contact us + subtitle,
luxury-premium,contact,2,page_section,CONTACT,split-form,required,Form + location/map/hours,
luxury-premium,contact,3,page_section,FAQ,mini-accordion,optional,Common questions before contacting,
luxury-premium,content-page,1,page_section,HERO,page-header,required,Page title + optional subtitle,
luxury-premium,content-page,2,page_section,CONTENT,rich-text,required,HTML content body,
luxury-premium,content-page,3,page_section,CTA,inline,optional,Related page or action CTA,
luxury-premium,homepage,1,page_section,HERO,minimal-text,required,Cinematic product on dark background,
luxury-premium,homepage,2,page_section,PRODUCT-SHOWCASE,hover-cards,required,Curated collections,
luxury-premium,homepage,3,page_section,ABOUT,editorial-split,required,"Heritage, artistry, provenance",
luxury-premium,homepage,4,page_section,VIDEO,autoplay-hero,required,Brand film / craftsmanship,
luxury-premium,homepage,5,page_section,GALLERY,masonry,required,Lifestyle + detail photography,
luxury-premium,homepage,6,page_section,TESTIMONIALS,single-featured,recommended,VIP client story,
luxury-premium,homepage,7,page_section,CTA,centered,optional,Book private consultation,
luxury-premium,homepage,8,section,NEWSLETTER,inline,recommended,"Position as exclusive access: early collections, private events, VIP offers. Never say ""newsletter"".",
luxury-premium,product-detail,1,page_section,PRODUCT-DETAIL,gallery-sidebar,required,Art-directed product + detail macro shots,
luxury-premium,product-detail,2,page_section,PRODUCT-DETAIL,description-tabs,required,"Provenance, materials, dimensions, care",
luxury-premium,product-detail,3,page_section,VIDEO,inline-player,recommended,Craftsmanship / making-of,
luxury-premium,product-detail,4,page_section,TRUST-BADGES,inline-strip,required,"Authenticity certificate, concierge, lifetime care",
luxury-premium,product-detail,5,page_section,PRODUCT-SHOWCASE,curated-pairing,recommended,Pairs beautifully with...,
luxury-premium,shared,0,cart_drawer,CART-DRAWER,slide-out,required,Side panel with upsell recommendations,
luxury-premium,shared,0,footer,FOOTER,minimal,required,Understated with essential links only,
luxury-premium,shared,0,navigation,NAV,sticky-transparent,required,Ultra-minimal centered logo split,
marketplace,account,1,page_section,DASHBOARD-HEADER,welcome,required,Greeting and account status,
marketplace,account,2,page_section,ACCOUNT-NAV,sidebar,required,"Settings, billing, security links",
marketplace,account,3,page_section,SUMMARY-CARDS,metrics,required,Balance / orders / portfolio summary,
marketplace,account,4,page_section,ACTIVITY-FEED,timeline,recommended,Recent transactions or updates,
marketplace,account,5,page_section,FOOTER,support,required,Help and logout links,
marketplace,checkout,1,page_section,CHECKOUT-HEADER,secure-lock,required,Secure checkout indicator and order summary,
marketplace,checkout,2,page_section,PAYMENT-FORM,card-fields,required,Card / wallet payment form,
marketplace,checkout,3,page_section,ORDER-SUMMARY,sidebar,required,Itemised order summary with totals,
marketplace,checkout,4,page_section,TRUST-BADGES,pci-row,required,PCI / secure payment badges,
marketplace,checkout,5,page_section,FOOTER,support,required,Support and refund policy links,
marketplace,kyc,1,page_section,HERO,verification-hero,required,Why verification is required,
marketplace,kyc,2,page_section,KYC-FORM,document-upload,required,ID / proof-of-address upload flow,
marketplace,kyc,3,page_section,STEP-INDICATOR,progress,required,Multi-step verification progress,
marketplace,kyc,4,page_section,TRUST-BADGES,security-row,required,Data handling and encryption assurance,
marketplace,kyc,5,page_section,FOOTER,legal,required,Regulatory and privacy links,
marketplace,legal,1,page_section,LEGAL-HEADER,document-title,required,Document title and effective date,
marketplace,legal,2,page_section,TABLE-OF-CONTENTS,sticky,recommended,Anchored section navigation,
marketplace,legal,3,page_section,LEGAL-BODY,sections,required,Numbered sections with plain-language summaries,
marketplace,legal,4,page_section,CONTACT-BLOCK,support,required,Contact information for questions,
marketplace,legal,5,page_section,FOOTER,legal,required,Related legal documents,
marketplace,pricing,1,page_section,HERO,value-prop,required,Clear value proposition and starting price,
marketplace,pricing,2,page_section,PRICING-TABLE,tier-cards,required,3-tier plan comparison with feature checklist,
marketplace,pricing,3,page_section,TRUST-BADGES,security-row,required,"Security, compliance, and guarantee badges",
marketplace,pricing,4,page_section,FAQ-ACCORDION,collapsible,recommended,Pricing FAQ to overcome objections,
marketplace,pricing,5,page_section,CTA-STRIP,bottom-sticky,required,Final conversion CTA after comparison,
marketplace,pricing,6,page_section,FOOTER,compliance,required,Regulatory disclaimers and support links,
marketplace,signup,1,page_section,HERO,signup-hero,required,Benefit-focused headline with social proof,
marketplace,signup,2,page_section,SIGNUP-FORM,email-password,required,Email / password / consent form,
marketplace,signup,3,page_section,TRUST-BADGES,security-row,required,Encryption and compliance signals,
marketplace,signup,4,page_section,SOCIAL-PROOF,testimonial-row,recommended,Customer quote or user count,
marketplace,signup,5,page_section,FOOTER,legal,required,Terms and privacy links,
medical-dental,about,1,page_section,HERO,page-header,required,Company name + tagline,
medical-dental,about,2,page_section,ABOUT,editorial-split,required,Company story,
medical-dental,about,3,page_section,TEAM,grid,optional,Team members,
medical-dental,about,4,page_section,STATS,counter,recommended,Key metrics,
medical-dental,about,5,page_section,CTA,centered,required,Get started / contact,
medical-dental,blog-index,1,page_section,HERO,page-header,required,Blog title + optional category filter,
medical-dental,blog-index,2,page_section,BLOG-PREVIEW,grid,required,Blog post grid with featured post,
medical-dental,blog-index,3,page_section,NEWSLETTER,inline,optional,Subscribe for updates,
medical-dental,collection,1,page_section,HERO,page-header,required,Collection title + description + optional banner,
medical-dental,collection,2,page_section,PRODUCT-SHOWCASE,filtered-grid,required,Product grid with sort/filter,
medical-dental,collection,3,page_section,PRODUCT-SHOWCASE,featured-3,optional,Featured products from collection,
medical-dental,contact,1,page_section,HERO,page-header,required,Contact us + subtitle,
medical-dental,contact,2,page_section,CONTACT,split-form,required,Form + location/map/hours,
medical-dental,contact,3,page_section,FAQ,mini-accordion,optional,Common questions before contacting,
medical-dental,content-page,1,page_section,HERO,page-header,required,Page title + optional subtitle,
medical-dental,content-page,2,page_section,CONTENT,rich-text,required,HTML content body,
medical-dental,content-page,3,page_section,CTA,inline,optional,Related page or action CTA,
medical-dental,homepage,1,page_section,HERO,split-image,required,Welcoming facility + team,
medical-dental,homepage,2,page_section,FEATURES,icon-grid,required,Services offered,
medical-dental,homepage,3,page_section,TEAM,grid,required,Doctors/practitioners with credentials,
medical-dental,homepage,4,page_section,TESTIMONIALS,carousel,required,Patient reviews,
medical-dental,homepage,5,page_section,TRUST-BADGES,horizontal-strip,required,"Board certifications, insurance accepted",
medical-dental,homepage,6,page_section,HOW-IT-WORKS,numbered-steps,recommended,New patient process,
medical-dental,homepage,7,page_section,ABOUT,editorial-split,recommended,"Practice philosophy, technology",
medical-dental,homepage,8,page_section,FAQ,accordion,required,"Insurance, procedures, aftercare",
medical-dental,homepage,9,page_section,CONTACT,split-form,required,Book appointment,
medical-dental,product-detail,1,page_section,PRODUCT-DETAIL,gallery-sidebar,required,"Image gallery left, buy box right",
medical-dental,product-detail,2,page_section,PRODUCT-DETAIL,description-tabs,required,"Description, specs, reviews in tabs",
medical-dental,product-detail,3,page_section,PRODUCT-SHOWCASE,related-products,required,4 related products carousel,
medical-dental,shared,0,cart_drawer,CART-DRAWER,slide-out,required,Side panel with upsell recommendations,
medical-dental,shared,0,footer,FOOTER,mega,required,Multi-column with compliance/legal emphasis,
medical-dental,shared,0,navigation,NAV,sticky-transparent,required,Standard dropdown navigation,
nonprofits-social,about,1,page_section,HERO,page-header,required,Company name + tagline,
nonprofits-social,about,2,page_section,ABOUT,editorial-split,required,"Mission, vision, founding story",
nonprofits-social,about,3,page_section,STATS,counter,required,Impact metrics,
nonprofits-social,about,4,page_section,HOW-IT-WORKS,horizontal-timeline,recommended,Organization history,
nonprofits-social,about,5,page_section,TEAM,grid,required,Board + leadership,
nonprofits-social,about,6,page_section,GALLERY,masonry,recommended,Impact photography,
nonprofits-social,about,7,page_section,CTA,centered,required,Donate / volunteer,
nonprofits-social,blog-index,1,page_section,HERO,page-header,required,Blog title + optional category filter,
nonprofits-social,blog-index,2,page_section,BLOG-PREVIEW,grid,required,Blog post grid with featured post,
nonprofits-social,blog-index,3,page_section,NEWSLETTER,inline,optional,Subscribe for updates,
nonprofits-social,collection,1,page_section,HERO,page-header,required,Collection title + description + optional banner,
nonprofits-social,collection,2,page_section,PRODUCT-SHOWCASE,filtered-grid,required,Product grid with sort/filter,
nonprofits-social,collection,3,page_section,PRODUCT-SHOWCASE,featured-3,optional,Featured products from collection,
nonprofits-social,contact,1,page_section,HERO,page-header,required,Contact us + subtitle,
nonprofits-social,contact,2,page_section,CONTACT,split-form,required,Form + location/map/hours,
nonprofits-social,contact,3,page_section,FAQ,mini-accordion,optional,Common questions before contacting,
nonprofits-social,content-page,1,page_section,HERO,page-header,required,Page title + optional subtitle,
nonprofits-social,content-page,2,page_section,CONTENT,rich-text,required,HTML content body,
nonprofits-social,content-page,3,page_section,CTA,inline,optional,Related page or action CTA,
nonprofits-social,homepage,1,page_section,HERO,full-bleed-overlay,required,Impact imagery with mission statement,
nonprofits-social,homepage,2,page_section,STATS,counter,required,"Lives impacted, funds raised, projects",
nonprofits-social,homepage,3,page_section,FEATURES,icon-grid,required,,
nonprofits-social,homepage,4,page_section,ABOUT,editorial-split,required,"Mission, vision, founding story",
nonprofits-social,homepage,5,page_section,CTA,centered,required,Donate now / volunteer,
nonprofits-social,homepage,6,page_section,HOW-IT-WORKS,numbered-steps,required,How donations create impact,
nonprofits-social,homepage,7,page_section,TESTIMONIALS,carousel,required,Beneficiary stories,
nonprofits-social,homepage,8,page_section,LOGO-BAR,static-grid,required,,
nonprofits-social,homepage,9,page_section,GALLERY,masonry,recommended,Impact photography,
nonprofits-social,homepage,10,page_section,NEWSLETTER,inline,recommended,Impact updates,
nonprofits-social,product-detail,1,page_section,PRODUCT-DETAIL,gallery-sidebar,required,"Image gallery left, buy box right",
nonprofits-social,product-detail,2,page_section,PRODUCT-DETAIL,description-tabs,required,"Description, specs, reviews in tabs",
nonprofits-social,product-detail,3,page_section,PRODUCT-SHOWCASE,related-products,required,4 related products carousel,
nonprofits-social,shared,0,cart_drawer,CART-DRAWER,slide-out,required,Side panel with upsell recommendations,
nonprofits-social,shared,0,footer,FOOTER,mega,required,Multi-column standard footer,
nonprofits-social,shared,0,navigation,NAV,sticky-transparent,required,Standard dropdown navigation,
outdoor-adventure,about,1,page_section,HERO,page-header,required,Company name + tagline,
outdoor-adventure,about,2,page_section,ABOUT,editorial-split,required,Company story,
outdoor-adventure,about,3,page_section,TEAM,grid,optional,Team members,
outdoor-adventure,about,4,page_section,STATS,counter,recommended,Key metrics,
outdoor-adventure,about,5,page_section,CTA,centered,required,Get started / contact,
outdoor-adventure,blog-index,1,page_section,HERO,page-header,required,Blog title + optional category filter,
outdoor-adventure,blog-index,2,page_section,BLOG-PREVIEW,grid,required,Blog post grid with featured post,
outdoor-adventure,blog-index,3,page_section,NEWSLETTER,inline,optional,Subscribe for updates,
outdoor-adventure,collection,1,page_section,HERO,page-header,required,Collection title + description + optional banner,
outdoor-adventure,collection,2,page_section,PRODUCT-SHOWCASE,filtered-grid,required,Product grid with sort/filter,
outdoor-adventure,collection,3,page_section,PRODUCT-SHOWCASE,featured-3,optional,Featured products from collection,
outdoor-adventure,contact,1,page_section,HERO,page-header,required,Contact us + subtitle,
outdoor-adventure,contact,2,page_section,CONTACT,split-form,required,Form + location/map/hours,
outdoor-adventure,contact,3,page_section,FAQ,mini-accordion,optional,Common questions before contacting,
outdoor-adventure,content-page,1,page_section,HERO,page-header,required,Page title + optional subtitle,
outdoor-adventure,content-page,2,page_section,CONTENT,rich-text,required,HTML content body,
outdoor-adventure,content-page,3,page_section,CTA,inline,optional,Related page or action CTA,
outdoor-adventure,homepage,1,page_section,HERO,full-bleed-overlay,required,Landscape hero with gear in action,
outdoor-adventure,homepage,2,page_section,PRODUCT-SHOWCASE,hover-cards,required,"Shop by activity (hiking, camping, climbing)",
outdoor-adventure,homepage,3,page_section,FEATURES,icon-grid,required,"Durability, weather-proof, weight specs",
outdoor-adventure,homepage,4,page_section,ABOUT,editorial-split,required,,
outdoor-adventure,homepage,5,page_section,HOW-IT-WORKS,horizontal-timeline,optional,Gear guide / packing list,
outdoor-adventure,homepage,6,page_section,TESTIMONIALS,carousel,recommended,Adventure stories from customers,
outdoor-adventure,homepage,7,page_section,GALLERY,masonry,recommended,Customer adventure photos,
outdoor-adventure,homepage,8,page_section,TRUST-BADGES,horizontal-strip,required,"Warranty, repair program, materials",
outdoor-adventure,homepage,9,section,CTA,split-image,required,"Adventure-oriented CTA with lifestyle image. ""Gear up for your next adventure"", ""Explore the range"".",
outdoor-adventure,homepage,10,page_section,NEWSLETTER,inline,recommended,Trail guides + gear drops,
outdoor-adventure,product-detail,1,page_section,PRODUCT-DETAIL,gallery-sidebar,required,"Image gallery left, buy box right",
outdoor-adventure,product-detail,2,page_section,PRODUCT-DETAIL,description-tabs,required,"Description, specs, reviews in tabs",
outdoor-adventure,product-detail,3,page_section,PRODUCT-SHOWCASE,related-products,required,4 related products carousel,
outdoor-adventure,shared,0,cart_drawer,CART-DRAWER,slide-out,required,Side panel with upsell recommendations,
outdoor-adventure,shared,0,footer,FOOTER,mega,required,Multi-column standard footer,
outdoor-adventure,shared,0,navigation,NAV,sticky-transparent,required,Standard dropdown navigation,
pet-products,about,1,page_section,HERO,page-header,required,Company name + tagline,
pet-products,about,2,page_section,ABOUT,editorial-split,required,Company story,
pet-products,about,3,page_section,TEAM,grid,optional,Team members,
pet-products,about,4,page_section,STATS,counter,recommended,Key metrics,
pet-products,about,5,page_section,CTA,centered,required,Get started / contact,
pet-products,blog-index,1,page_section,HERO,page-header,required,Blog title + optional category filter,
pet-products,blog-index,2,page_section,BLOG-PREVIEW,grid,required,Blog post grid with featured post,
pet-products,blog-index,3,page_section,NEWSLETTER,inline,optional,Subscribe for updates,
pet-products,collection,1,page_section,HERO,page-header,required,Collection title + description + optional banner,
pet-products,collection,2,page_section,PRODUCT-SHOWCASE,filtered-grid,required,Product grid with sort/filter,
pet-products,collection,3,page_section,PRODUCT-SHOWCASE,featured-3,optional,Featured products from collection,
pet-products,contact,1,page_section,HERO,page-header,required,Contact us + subtitle,
pet-products,contact,2,page_section,CONTACT,split-form,required,Form + location/map/hours,
pet-products,contact,3,page_section,FAQ,mini-accordion,optional,Common questions before contacting,
pet-products,content-page,1,page_section,HERO,page-header,required,Page title + optional subtitle,
pet-products,content-page,2,page_section,CONTENT,rich-text,required,HTML content body,
pet-products,content-page,3,page_section,CTA,inline,optional,Related page or action CTA,
pet-products,homepage,1,page_section,HERO,split-image,required,Happy pets with products,
pet-products,homepage,2,page_section,PRODUCT-SHOWCASE,hover-cards,required,Shop by pet type / need,
pet-products,homepage,3,page_section,TRUST-BADGES,horizontal-strip,required,,
pet-products,homepage,4,page_section,FEATURES,icon-grid,required,"Natural ingredients, vet-approved",
pet-products,homepage,5,page_section,TESTIMONIALS,wall,required,Pet parent reviews with pet photos,
pet-products,homepage,6,page_section,STATS,counter,recommended,"Happy pets served, 5-star reviews",
pet-products,homepage,7,page_section,HOW-IT-WORKS,numbered-steps,recommended,Subscription / feeding guide,
pet-products,homepage,8,page_section,FAQ,accordion,recommended,"Ingredients, allergies, shipping",
pet-products,homepage,9,page_section,CTA,centered,recommended,Subscribe and save CTA,
pet-products,homepage,10,page_section,NEWSLETTER,inline,recommended,Pet care tips + first order discount,
pet-products,product-detail,1,page_section,PRODUCT-DETAIL,gallery-sidebar,required,Product + happy pet photos,
pet-products,product-detail,2,page_section,PRODUCT-DETAIL,description-tabs,required,"Ingredients, feeding guide, sizing",
pet-products,product-detail,3,page_section,TRUST-BADGES,inline-strip,required,"Vet-approved, natural, made in [country]",
pet-products,product-detail,4,page_section,PRODUCT-DETAIL,subscription-upsell,recommended,Autoship & save,
pet-products,product-detail,5,page_section,TESTIMONIALS,mini-reviews,required,Pet parent reviews with pet photos,
pet-products,product-detail,6,page_section,PRODUCT-SHOWCASE,related-products,required,Frequently bought together,
pet-products,shared,0,cart_drawer,CART-DRAWER,slide-out,required,Side panel with upsell recommendations,
pet-products,shared,0,footer,FOOTER,mega,required,Multi-column standard footer,
pet-products,shared,0,navigation,NAV,sticky-transparent,required,Standard dropdown navigation,
professional-services,about,1,page_section,HERO,page-header,required,Company name + tagline,
professional-services,about,2,page_section,ABOUT,editorial-split,required,Firm philosophy + approach,
professional-services,about,3,page_section,STATS,counter,required,"Years, clients, team members",
professional-services,about,4,page_section,TEAM,grid,required,Partners / leadership,
professional-services,about,5,page_section,TESTIMONIALS,carousel,recommended,Client endorsements,
professional-services,about,6,page_section,TRUST-BADGES,horizontal-strip,recommended,"Certifications, memberships",
professional-services,about,7,page_section,CTA,centered,required,Get in touch,
professional-services,blog-index,1,page_section,HERO,page-header,required,Blog title + optional category filter,
professional-services,blog-index,2,page_section,BLOG-PREVIEW,grid,required,Blog post grid with featured post,
professional-services,blog-index,3,page_section,NEWSLETTER,inline,optional,Subscribe for updates,
professional-services,collection,1,page_section,HERO,page-header,required,Collection title + description + optional banner,
professional-services,collection,2,page_section,PRODUCT-SHOWCASE,filtered-grid,required,Product grid with sort/filter,
professional-services,collection,3,page_section,PRODUCT-SHOWCASE,featured-3,optional,Featured products from collection,
professional-services,contact,1,page_section,HERO,page-header,required,Contact us + subtitle,
professional-services,contact,2,page_section,CONTACT,split-form,required,Form + location/map/hours,
professional-services,contact,3,page_section,FAQ,mini-accordion,optional,Common questions before contacting,
professional-services,content-page,1,page_section,HERO,page-header,required,Page title + optional subtitle,
professional-services,content-page,2,page_section,CONTENT,rich-text,required,HTML content body,
professional-services,content-page,3,page_section,CTA,inline,optional,Related page or action CTA,
professional-services,homepage,1,page_section,HERO,centered,required,Clear value proposition with CTA,
professional-services,homepage,2,page_section,FEATURES,icon-grid,required,Service offerings (3-6),
professional-services,homepage,3,page_section,LOGO-BAR,static-grid,required,Client logos / certifications,
professional-services,homepage,4,page_section,STATS,counter,recommended,"Projects completed, clients served",
professional-services,homepage,5,page_section,TEAM,grid,optional,Key team members,
professional-services,homepage,6,page_section,TESTIMONIALS,carousel,required,Client success stories,
professional-services,homepage,7,page_section,ABOUT,editorial-split,required,"Team expertise, years of experience",
professional-services,homepage,8,page_section,HOW-IT-WORKS,numbered-steps,recommended,Engagement process,
professional-services,homepage,9,page_section,CONTACT,split-form,required,,
professional-services,homepage,10,page_section,FAQ,accordion,recommended,"Pricing, process, timeline",
professional-services,homepage,11,page_section,CTA,centered,required,Book consultation,
professional-services,product-detail,1,page_section,PRODUCT-DETAIL,gallery-sidebar,required,"Image gallery left, buy box right",
professional-services,product-detail,2,page_section,PRODUCT-DETAIL,description-tabs,required,"Description, specs, reviews in tabs",
professional-services,product-detail,3,page_section,PRODUCT-SHOWCASE,related-products,required,4 related products carousel,
professional-services,shared,0,cart_drawer,CART-DRAWER,slide-out,required,Side panel with upsell recommendations,
professional-services,shared,0,footer,FOOTER,mega,required,Multi-column standard footer,
professional-services,shared,0,navigation,NAV,sticky-transparent,required,Standard dropdown navigation,
real-estate,about,1,page_section,HERO,page-header,required,Company name + tagline,
real-estate,about,2,page_section,ABOUT,editorial-split,required,Company story,
real-estate,about,3,page_section,TEAM,grid,optional,Team members,
real-estate,about,4,page_section,STATS,counter,recommended,Key metrics,
real-estate,about,5,page_section,CTA,centered,required,Get started / contact,
real-estate,blog-index,1,page_section,HERO,page-header,required,Blog title + optional category filter,
real-estate,blog-index,2,page_section,BLOG-PREVIEW,grid,required,Blog post grid with featured post,
real-estate,blog-index,3,page_section,NEWSLETTER,inline,optional,Subscribe for updates,
real-estate,collection,1,page_section,HERO,page-header,required,Collection title + description + optional banner,
real-estate,collection,2,page_section,PRODUCT-SHOWCASE,filtered-grid,required,Product grid with sort/filter,
real-estate,collection,3,page_section,PRODUCT-SHOWCASE,featured-3,optional,Featured products from collection,
real-estate,contact,1,page_section,HERO,page-header,required,Contact us + subtitle,
real-estate,contact,2,page_section,CONTACT,split-form,required,Form + location/map/hours,
real-estate,contact,3,page_section,FAQ,mini-accordion,optional,Common questions before contacting,
real-estate,content-page,1,page_section,HERO,page-header,required,Page title + optional subtitle,
real-estate,content-page,2,page_section,CONTENT,rich-text,required,HTML content body,
real-estate,content-page,3,page_section,CTA,inline,optional,Related page or action CTA,
real-estate,homepage,1,page_section,HERO,full-bleed-overlay,required,Featured property / development hero,
real-estate,homepage,2,page_section,PRODUCT-SHOWCASE,hover-cards,required,Featured listings / developments,
real-estate,homepage,3,page_section,FEATURES,icon-grid,recommended,Service differentiators,
real-estate,homepage,4,page_section,CTA,centered,required,,
real-estate,homepage,5,page_section,TEAM,grid,required,,
real-estate,homepage,6,page_section,STATS,counter,required,"Properties sold, years experience, markets",
real-estate,homepage,7,page_section,TESTIMONIALS,carousel,required,Client success stories,
real-estate,homepage,8,page_section,ABOUT,editorial-split,recommended,"Agency story, market expertise",
real-estate,homepage,9,page_section,GALLERY,masonry,recommended,Property photography showcase,
real-estate,homepage,10,page_section,CONTACT,split-form,required,Inquiry form with map,
real-estate,product-detail,1,page_section,PRODUCT-DETAIL,gallery-sidebar,required,"Image gallery left, buy box right",
real-estate,product-detail,2,page_section,PRODUCT-DETAIL,description-tabs,required,"Description, specs, reviews in tabs",
real-estate,product-detail,3,page_section,PRODUCT-SHOWCASE,related-products,required,4 related products carousel,
real-estate,shared,0,cart_drawer,CART-DRAWER,slide-out,required,Side panel with upsell recommendations,
real-estate,shared,0,footer,FOOTER,mega,required,Multi-column standard footer,
real-estate,shared,0,navigation,NAV,sticky-transparent,required,Standard dropdown navigation,
regulated-finance,account,1,page_section,DASHBOARD-HEADER,welcome,required,Greeting and account status,
regulated-finance,account,2,page_section,ACCOUNT-NAV,sidebar,required,"Settings, billing, security links",
regulated-finance,account,3,page_section,SUMMARY-CARDS,metrics,required,Balance / orders / portfolio summary,
regulated-finance,account,4,page_section,ACTIVITY-FEED,timeline,recommended,Recent transactions or updates,
regulated-finance,account,5,page_section,FOOTER,support,required,Help and logout links,
regulated-finance,checkout,1,page_section,CHECKOUT-HEADER,secure-lock,required,Secure checkout indicator and order summary,
regulated-finance,checkout,2,page_section,PAYMENT-FORM,card-fields,required,Card / wallet payment form,
regulated-finance,checkout,3,page_section,ORDER-SUMMARY,sidebar,required,Itemised order summary with totals,
regulated-finance,checkout,4,page_section,TRUST-BADGES,pci-row,required,PCI / secure payment badges,
regulated-finance,checkout,5,page_section,FOOTER,support,required,Support and refund policy links,
regulated-finance,kyc,1,page_section,HERO,verification-hero,required,Why verification is required,
regulated-finance,kyc,2,page_section,KYC-FORM,document-upload,required,ID / proof-of-address upload flow,
regulated-finance,kyc,3,page_section,STEP-INDICATOR,progress,required,Multi-step verification progress,
regulated-finance,kyc,4,page_section,TRUST-BADGES,security-row,required,Data handling and encryption assurance,
regulated-finance,kyc,5,page_section,FOOTER,legal,required,Regulatory and privacy links,
regulated-finance,legal,1,page_section,LEGAL-HEADER,document-title,required,Document title and effective date,
regulated-finance,legal,2,page_section,TABLE-OF-CONTENTS,sticky,recommended,Anchored section navigation,
regulated-finance,legal,3,page_section,LEGAL-BODY,sections,required,Numbered sections with plain-language summaries,
regulated-finance,legal,4,page_section,CONTACT-BLOCK,support,required,Contact information for questions,
regulated-finance,legal,5,page_section,FOOTER,legal,required,Related legal documents,
regulated-finance,pricing,1,page_section,HERO,value-prop,required,Clear value proposition and starting price,
regulated-finance,pricing,2,page_section,PRICING-TABLE,tier-cards,required,3-tier plan comparison with feature checklist,
regulated-finance,pricing,3,page_section,TRUST-BADGES,security-row,required,"Security, compliance, and guarantee badges",
regulated-finance,pricing,4,page_section,FAQ-ACCORDION,collapsible,recommended,Pricing FAQ to overcome objections,
regulated-finance,pricing,5,page_section,CTA-STRIP,bottom-sticky,required,Final conversion CTA after comparison,
regulated-finance,pricing,6,page_section,FOOTER,compliance,required,Regulatory disclaimers and support links,
regulated-finance,signup,1,page_section,HERO,signup-hero,required,Benefit-focused headline with social proof,
regulated-finance,signup,2,page_section,SIGNUP-FORM,email-password,required,Email / password / consent form,
regulated-finance,signup,3,page_section,TRUST-BADGES,security-row,required,Encryption and compliance signals,
regulated-finance,signup,4,page_section,SOCIAL-PROOF,testimonial-row,recommended,Customer quote or user count,
regulated-finance,signup,5,page_section,FOOTER,legal,required,Terms and privacy links,
restaurants-cafes,about,1,page_section,HERO,page-header,required,Company name + tagline,
restaurants-cafes,about,2,page_section,ABOUT,editorial-split,required,Company story,
restaurants-cafes,about,3,page_section,TEAM,grid,optional,Team members,
restaurants-cafes,about,4,page_section,STATS,counter,recommended,Key metrics,
restaurants-cafes,about,5,page_section,CTA,centered,required,Get started / contact,
restaurants-cafes,blog-index,1,page_section,HERO,page-header,required,Blog title + optional category filter,
restaurants-cafes,blog-index,2,page_section,BLOG-PREVIEW,grid,required,Blog post grid with featured post,
restaurants-cafes,blog-index,3,page_section,NEWSLETTER,inline,optional,Subscribe for updates,
restaurants-cafes,collection,1,page_section,HERO,page-header,required,Collection title + description + optional banner,
restaurants-cafes,collection,2,page_section,PRODUCT-SHOWCASE,filtered-grid,required,Product grid with sort/filter,
restaurants-cafes,collection,3,page_section,PRODUCT-SHOWCASE,featured-3,optional,Featured products from collection,
restaurants-cafes,contact,1,page_section,HERO,page-header,required,Contact us + subtitle,
restaurants-cafes,contact,2,page_section,CONTACT,split-form,required,Form + location/map/hours,
restaurants-cafes,contact,3,page_section,FAQ,mini-accordion,optional,Common questions before contacting,
restaurants-cafes,content-page,1,page_section,HERO,page-header,required,Page title + optional subtitle,
restaurants-cafes,content-page,2,page_section,CONTENT,rich-text,required,HTML content body,
restaurants-cafes,content-page,3,page_section,CTA,inline,optional,Related page or action CTA,
restaurants-cafes,homepage,1,page_section,HERO,full-bleed-overlay,required,Signature dish / interior ambiance,
restaurants-cafes,homepage,2,page_section,PRODUCT-SHOWCASE,hover-cards,required,Menu highlights / categories,
restaurants-cafes,homepage,3,page_section,CTA,centered,required,,
restaurants-cafes,homepage,4,page_section,ABOUT,editorial-split,required,"Chef story, philosophy, heritage",
restaurants-cafes,homepage,5,page_section,GALLERY,masonry,required,Food photography + ambiance,
restaurants-cafes,homepage,6,page_section,TESTIMONIALS,single-featured,recommended,Review quotes,
restaurants-cafes,homepage,7,page_section,CONTACT,split-form,required,"Location, hours, reservation",
restaurants-cafes,homepage,8,page_section,NEWSLETTER,inline,optional,Special events + offers,
restaurants-cafes,product-detail,1,page_section,PRODUCT-DETAIL,gallery-sidebar,required,"Image gallery left, buy box right",
restaurants-cafes,product-detail,2,page_section,PRODUCT-DETAIL,description-tabs,required,"Description, specs, reviews in tabs",
restaurants-cafes,product-detail,3,page_section,PRODUCT-SHOWCASE,related-products,required,4 related products carousel,
restaurants-cafes,shared,0,cart_drawer,CART-DRAWER,slide-out,required,Side panel with upsell recommendations,
restaurants-cafes,shared,0,footer,FOOTER,mega,required,Multi-column standard footer,
restaurants-cafes,shared,0,navigation,NAV,hamburger-only,required,Minimal with reservation CTA,
saas,about,1,page_section,HERO,page-header,required,Company name + tagline,
saas,about,2,page_section,ABOUT,editorial-split,required,Mission and founding story,
saas,about,3,page_section,STATS,counter,required,"Users, team size, countries",
saas,about,4,page_section,TEAM,grid,required,Leadership team,
saas,about,5,page_section,FEATURES,icon-grid,recommended,Company values,
saas,about,6,page_section,LOGO-BAR,static-grid,optional,Investors / partners,
saas,about,7,page_section,CTA,centered,recommended,Join us / careers,
saas,blog-index,1,page_section,HERO,page-header,required,Blog title + optional category filter,
saas,blog-index,2,page_section,BLOG-PREVIEW,grid,required,Blog post grid with featured post,
saas,blog-index,3,page_section,NEWSLETTER,inline,optional,Subscribe for updates,
saas,collection,1,page_section,HERO,page-header,required,Collection title + description + optional banner,
saas,collection,2,page_section,PRODUCT-SHOWCASE,filtered-grid,required,Product grid with sort/filter,
saas,collection,3,page_section,PRODUCT-SHOWCASE,featured-3,optional,Featured products from collection,
saas,contact,1,page_section,HERO,page-header,required,Contact us + subtitle,
saas,contact,2,page_section,CONTACT,split-form,required,Form + location/map/hours,
saas,contact,3,page_section,FAQ,mini-accordion,optional,Common questions before contacting,
saas,content-page,1,page_section,HERO,page-header,required,Page title + optional subtitle,
saas,content-page,2,page_section,CONTENT,rich-text,required,HTML content body,
saas,content-page,3,page_section,CTA,inline,optional,Related page or action CTA,
saas,homepage,1,page_section,HERO,split-image,required,Product screenshot with value prop,
saas,homepage,2,page_section,LOGO-BAR,scrolling-marquee,required,Customer logos,
saas,homepage,3,page_section,FEATURES,icon-grid,required,Core features (3-6),
saas,homepage,4,page_section,HOW-IT-WORKS,numbered-steps,required,3-step onboarding,
saas,homepage,5,page_section,VIDEO,autoplay-hero,required,,
saas,homepage,6,page_section,TESTIMONIALS,carousel,required,Customer case studies,
saas,homepage,7,page_section,STATS,counter,recommended,"Users, uptime, time saved",
saas,homepage,8,page_section,PRICING,tiered-cards,required,Plan comparison,
saas,homepage,9,page_section,COMPARISON,table,optional,Us vs alternatives,
saas,homepage,10,page_section,FAQ,accordion,required,"Billing, security, integrations",
saas,homepage,11,page_section,CTA,centered,required,Start free trial,
saas,product-detail,1,page_section,PRODUCT-DETAIL,gallery-sidebar,required,"Image gallery left, buy box right",
saas,product-detail,2,page_section,PRODUCT-DETAIL,description-tabs,required,"Description, specs, reviews in tabs",
saas,product-detail,3,page_section,PRODUCT-SHOWCASE,related-products,required,4 related products carousel,
saas,shared,0,cart_drawer,CART-DRAWER,slide-out,required,Side panel with upsell recommendations,
saas,shared,0,footer,FOOTER,mega,required,"Product, company, resources, legal columns",
saas,shared,0,navigation,NAV,sticky-solid,required,Clean with CTA button in nav,
sports-fitness,about,1,page_section,HERO,page-header,required,Company name + tagline,
sports-fitness,about,2,page_section,ABOUT,editorial-split,required,Company story,
sports-fitness,about,3,page_section,TEAM,grid,optional,Team members,
sports-fitness,about,4,page_section,STATS,counter,recommended,Key metrics,
sports-fitness,about,5,page_section,CTA,centered,required,Get started / contact,
sports-fitness,blog-index,1,page_section,HERO,page-header,required,Blog title + optional category filter,
sports-fitness,blog-index,2,page_section,BLOG-PREVIEW,grid,required,Blog post grid with featured post,
sports-fitness,blog-index,3,page_section,NEWSLETTER,inline,optional,Subscribe for updates,
sports-fitness,collection,1,page_section,HERO,page-header,required,Collection title + description + optional banner,
sports-fitness,collection,2,page_section,PRODUCT-SHOWCASE,filtered-grid,required,Product grid with sort/filter,
sports-fitness,collection,3,page_section,PRODUCT-SHOWCASE,featured-3,optional,Featured products from collection,
sports-fitness,contact,1,page_section,HERO,page-header,required,Contact us + subtitle,
sports-fitness,contact,2,page_section,CONTACT,split-form,required,Form + location/map/hours,
sports-fitness,contact,3,page_section,FAQ,mini-accordion,optional,Common questions before contacting,
sports-fitness,content-page,1,page_section,HERO,page-header,required,Page title + optional subtitle,
sports-fitness,content-page,2,page_section,CONTENT,rich-text,required,HTML content body,
sports-fitness,content-page,3,page_section,CTA,inline,optional,Related page or action CTA,
sports-fitness,homepage,1,page_section,HERO,video-background,required,Action athlete footage,
sports-fitness,homepage,2,page_section,PRODUCT-SHOWCASE,hover-cards,required,Shop by sport/activity,
sports-fitness,homepage,3,page_section,LOGO-BAR,scrolling-marquee,recommended,Athlete endorsements / team logos,
sports-fitness,homepage,4,page_section,FEATURES,icon-grid,required,Technology/material callouts,
sports-fitness,homepage,5,page_section,TESTIMONIALS,wall,recommended,Athlete + customer reviews,
sports-fitness,homepage,6,page_section,GALLERY,masonry,recommended,Action photography,
sports-fitness,homepage,7,page_section,CTA,split-image,recommended,Join the community / challenge,
sports-fitness,homepage,8,page_section,NEWSLETTER,inline,recommended,Training tips + early access,
sports-fitness,homepage,9,section,FAQ,accordion,recommended,"Sizing guides, shipping, returns, product usage, ingredient questions for supplements.",
sports-fitness,product-detail,1,page_section,PRODUCT-DETAIL,gallery-sidebar,required,"Image gallery left, buy box right",
sports-fitness,product-detail,2,page_section,PRODUCT-DETAIL,description-tabs,required,"Description, specs, reviews in tabs",
sports-fitness,product-detail,3,page_section,PRODUCT-SHOWCASE,related-products,required,4 related products carousel,
sports-fitness,shared,0,cart_drawer,CART-DRAWER,slide-out,required,Side panel with upsell recommendations,
sports-fitness,shared,0,footer,FOOTER,mega,required,Multi-column standard footer,
sports-fitness,shared,0,navigation,NAV,sticky-transparent,required,Standard dropdown navigation,
sustainable-eco,about,1,page_section,HERO,page-header,required,Company name + tagline,
sustainable-eco,about,2,page_section,ABOUT,editorial-split,required,Company story,
sustainable-eco,about,3,page_section,TEAM,grid,optional,Team members,
sustainable-eco,about,4,page_section,STATS,counter,recommended,Key metrics,
sustainable-eco,about,5,page_section,CTA,centered,required,Get started / contact,
sustainable-eco,blog-index,1,page_section,HERO,page-header,required,Blog title + optional category filter,
sustainable-eco,blog-index,2,page_section,BLOG-PREVIEW,grid,required,Blog post grid with featured post,
sustainable-eco,blog-index,3,page_section,NEWSLETTER,inline,optional,Subscribe for updates,
sustainable-eco,collection,1,page_section,HERO,page-header,required,Collection title + description + optional banner,
sustainable-eco,collection,2,page_section,PRODUCT-SHOWCASE,filtered-grid,required,Product grid with sort/filter,
sustainable-eco,collection,3,page_section,PRODUCT-SHOWCASE,featured-3,optional,Featured products from collection,
sustainable-eco,contact,1,page_section,HERO,page-header,required,Contact us + subtitle,
sustainable-eco,contact,2,page_section,CONTACT,split-form,required,Form + location/map/hours,
sustainable-eco,contact,3,page_section,FAQ,mini-accordion,optional,Common questions before contacting,
sustainable-eco,content-page,1,page_section,HERO,page-header,required,Page title + optional subtitle,
sustainable-eco,content-page,2,page_section,CONTENT,rich-text,required,HTML content body,
sustainable-eco,content-page,3,page_section,CTA,inline,optional,Related page or action CTA,
sustainable-eco,homepage,1,page_section,HERO,full-bleed-overlay,required,Nature/product intersection imagery,
sustainable-eco,homepage,2,page_section,STATS,counter,required,"Carbon offset, trees planted, plastic reduced",
sustainable-eco,homepage,3,page_section,PRODUCT-SHOWCASE,hover-cards,required,Shop by impact / category,
sustainable-eco,homepage,4,page_section,ABOUT,editorial-split,required,"Mission, impact report, certifications",
sustainable-eco,homepage,5,page_section,HOW-IT-WORKS,horizontal-timeline,required,Supply chain transparency,
sustainable-eco,homepage,6,page_section,TRUST-BADGES,horizontal-strip,required,"B-Corp, carbon neutral, organic certs",
sustainable-eco,homepage,7,page_section,TESTIMONIALS,carousel,recommended,Community member stories,
sustainable-eco,homepage,8,page_section,CTA,centered,required,,
sustainable-eco,homepage,9,page_section,NEWSLETTER,inline,recommended,Impact updates + conscious living tips,
sustainable-eco,product-detail,1,page_section,PRODUCT-DETAIL,gallery-sidebar,required,Product + impact/materials story,
sustainable-eco,product-detail,2,page_section,PRODUCT-DETAIL,description-tabs,required,"Materials, impact metrics, care/end-of-life",
sustainable-eco,product-detail,3,page_section,FEATURES,impact-metrics,required,"CO2 saved, plastic reduced, materials sourced",
sustainable-eco,product-detail,4,page_section,TRUST-BADGES,inline-strip,required,"Certifications (B-Corp, organic, etc)",
sustainable-eco,product-detail,5,page_section,TESTIMONIALS,mini-reviews,recommended,Community reviews,
sustainable-eco,product-detail,6,page_section,PRODUCT-SHOWCASE,related-products,required,More conscious choices,
sustainable-eco,shared,0,cart_drawer,CART-DRAWER,slide-out,required,Side panel with upsell recommendations,
sustainable-eco,shared,0,footer,FOOTER,mega,required,Multi-column standard footer,
sustainable-eco,shared,0,navigation,NAV,sticky-transparent,required,Standard dropdown navigation,
